name,label
gulab_jamun/00000239.jpg,gulab_jamun
gulab_jamun/00000143.jpg,gulab_jamun
gulab_jamun/00000120.jpg,gulab_jamun
gulab_jamun/00000158.jpg,gulab_jamun
gulab_jamun/00000061.jpg,gulab_jamun
gulab_jamun/00000248.jpg,gulab_jamun
gulab_jamun/00000240.jpg,gulab_jamun
gulab_jamun/00000100.jpg,gulab_jamun
gulab_jamun/00000091.jpg,gulab_jamun
gulab_jamun/00000179.jpg,gulab_jamun
gulab_jamun/00000093.jpg,gulab_jamun
gulab_jamun/00000196.jpg,gulab_jamun
gulab_jamun/00000029.jpg,gulab_jamun
gulab_jamun/00000195.jpg,gulab_jamun
gulab_jamun/00000162.jpg,gulab_jamun
gulab_jamun/00000066.jpg,gulab_jamun
gulab_jamun/00000139.jpg,gulab_jamun
gulab_jamun/00000222.jpg,gulab_jamun
gulab_jamun/00000038.jpg,gulab_jamun
gulab_jamun/00000014.jpg,gulab_jamun
gulab_jamun/00000089.jpg,gulab_jamun
gulab_jamun/00000006.jpg,gulab_jamun
gulab_jamun/00000081.jpg,gulab_jamun
gulab_jamun/00000252.jpg,gulab_jamun
gulab_jamun/00000023.jpg,gulab_jamun
gulab_jamun/00000118.jpg,gulab_jamun
gulab_jamun/00000300.jpg,gulab_jamun
gulab_jamun/00000189.jpg,gulab_jamun
gulab_jamun/00000280.jpg,gulab_jamun
gulab_jamun/00000184.jpg,gulab_jamun
gulab_jamun/00000113.jpg,gulab_jamun
gulab_jamun/00000279.jpg,gulab_jamun
gulab_jamun/00000083.jpg,gulab_jamun
gulab_jamun/00000150.jpg,gulab_jamun
gulab_jamun/00000231.jpg,gulab_jamun
gulab_jamun/00000262.jpg,gulab_jamun
gulab_jamun/00000276.jpg,gulab_jamun
gulab_jamun/00000119.jpg,gulab_jamun
gulab_jamun/00000079.jpg,gulab_jamun
gulab_jamun/00000058.jpg,gulab_jamun
gulab_jamun/00000069.jpg,gulab_jamun
gulab_jamun/00000104.jpg,gulab_jamun
gulab_jamun/00000008.jpg,gulab_jamun
gulab_jamun/00000246.jpg,gulab_jamun
gulab_jamun/00000048.jpg,gulab_jamun
gulab_jamun/00000134.jpg,gulab_jamun
gulab_jamun/00000115.jpg,gulab_jamun
gulab_jamun/00000282.jpg,gulab_jamun
gulab_jamun/00000041.jpg,gulab_jamun
gulab_jamun/00000126.jpg,gulab_jamun
gulab_jamun/00000166.jpg,gulab_jamun
gulab_jamun/00000028.jpg,gulab_jamun
gulab_jamun/00000044.jpg,gulab_jamun
gulab_jamun/00000140.jpg,gulab_jamun
gulab_jamun/00000268.jpg,gulab_jamun
gulab_jamun/00000293.jpg,gulab_jamun
gulab_jamun/00000187.jpg,gulab_jamun
gulab_jamun/00000181.jpg,gulab_jamun
gulab_jamun/00000086.jpg,gulab_jamun
gulab_jamun/00000201.jpg,gulab_jamun
gulab_jamun/00000283.jpg,gulab_jamun
gulab_jamun/00000205.jpg,gulab_jamun
gulab_jamun/00000045.jpg,gulab_jamun
gulab_jamun/00000000.jpg,gulab_jamun
gulab_jamun/00000311.jpg,gulab_jamun
gulab_jamun/00000159.jpg,gulab_jamun
gulab_jamun/00000253.jpg,gulab_jamun
gulab_jamun/00000296.jpg,gulab_jamun
gulab_jamun/00000207.jpg,gulab_jamun
gulab_jamun/00000198.jpg,gulab_jamun
gulab_jamun/00000088.jpg,gulab_jamun
gulab_jamun/00000034.jpg,gulab_jamun
gulab_jamun/00000025.jpg,gulab_jamun
gulab_jamun/00000051.jpg,gulab_jamun
gulab_jamun/00000064.jpg,gulab_jamun
gulab_jamun/00000285.jpg,gulab_jamun
gulab_jamun/00000169.jpg,gulab_jamun
gulab_jamun/00000124.jpg,gulab_jamun
gulab_jamun/00000230.jpg,gulab_jamun
gulab_jamun/00000054.jpg,gulab_jamun
gulab_jamun/00000036.jpg,gulab_jamun
gulab_jamun/00000049.jpg,gulab_jamun
gulab_jamun/00000312.jpg,gulab_jamun
gulab_jamun/00000210.jpg,gulab_jamun
gulab_jamun/00000062.jpg,gulab_jamun
gulab_jamun/00000171.jpg,gulab_jamun
gulab_jamun/00000306.jpg,gulab_jamun
gulab_jamun/00000132.jpg,gulab_jamun
gulab_jamun/00000137.jpg,gulab_jamun
gulab_jamun/00000030.jpg,gulab_jamun
gulab_jamun/00000004.jpg,gulab_jamun
gulab_jamun/00000197.jpg,gulab_jamun
gulab_jamun/00000046.jpg,gulab_jamun
gulab_jamun/00000151.jpg,gulab_jamun
gulab_jamun/00000219.jpg,gulab_jamun
gulab_jamun/00000056.jpg,gulab_jamun
gulab_jamun/00000053.jpg,gulab_jamun
gulab_jamun/00000200.jpg,gulab_jamun
gulab_jamun/00000144.jpg,gulab_jamun
gulab_jamun/00000287.jpg,gulab_jamun
gulab_jamun/00000216.jpg,gulab_jamun
gulab_jamun/00000183.jpg,gulab_jamun
gulab_jamun/00000003.jpg,gulab_jamun
gulab_jamun/00000074.jpg,gulab_jamun
gulab_jamun/00000215.jpg,gulab_jamun
gulab_jamun/00000026.jpg,gulab_jamun
gulab_jamun/00000080.jpg,gulab_jamun
gulab_jamun/00000096.jpg,gulab_jamun
gulab_jamun/00000250.jpg,gulab_jamun
gulab_jamun/00000228.jpg,gulab_jamun
gulab_jamun/00000161.jpg,gulab_jamun
gulab_jamun/00000225.jpg,gulab_jamun
gulab_jamun/00000027.jpg,gulab_jamun
gulab_jamun/00000105.jpg,gulab_jamun
gulab_jamun/00000292.jpg,gulab_jamun
gulab_jamun/00000042.jpg,gulab_jamun
gulab_jamun/00000176.jpg,gulab_jamun
gulab_jamun/00000319.jpg,gulab_jamun
gulab_jamun/00000297.jpg,gulab_jamun
gulab_jamun/00000135.jpg,gulab_jamun
gulab_jamun/00000251.jpg,gulab_jamun
gulab_jamun/00000109.jpg,gulab_jamun
gulab_jamun/00000097.jpg,gulab_jamun
gulab_jamun/00000299.jpg,gulab_jamun
gulab_jamun/00000277.jpg,gulab_jamun
gulab_jamun/00000022.jpg,gulab_jamun
gulab_jamun/00000185.jpg,gulab_jamun
gulab_jamun/00000259.jpg,gulab_jamun
gulab_jamun/00000194.jpg,gulab_jamun
gulab_jamun/00000191.jpg,gulab_jamun
gulab_jamun/00000213.jpg,gulab_jamun
gulab_jamun/00000078.jpg,gulab_jamun
gulab_jamun/00000290.jpg,gulab_jamun
gulab_jamun/00000273.jpg,gulab_jamun
gulab_jamun/00000057.jpg,gulab_jamun
gulab_jamun/00000174.jpg,gulab_jamun
gulab_jamun/00000163.jpg,gulab_jamun
gulab_jamun/00000129.jpg,gulab_jamun
gulab_jamun/00000147.jpg,gulab_jamun
gulab_jamun/00000272.jpg,gulab_jamun
gulab_jamun/00000192.jpg,gulab_jamun
gulab_jamun/00000301.jpg,gulab_jamun
gulab_jamun/00000021.jpg,gulab_jamun
gulab_jamun/00000237.jpg,gulab_jamun
gulab_jamun/00000203.jpg,gulab_jamun
gulab_jamun/00000063.jpg,gulab_jamun
gulab_jamun/00000188.jpg,gulab_jamun
gulab_jamun/00000303.jpg,gulab_jamun
gulab_jamun/00000214.jpg,gulab_jamun
gulab_jamun/00000229.jpg,gulab_jamun
gulab_jamun/00000017.jpg,gulab_jamun
gulab_jamun/00000128.jpg,gulab_jamun
gulab_jamun/00000212.jpg,gulab_jamun
gulab_jamun/00000146.jpg,gulab_jamun
gulab_jamun/00000016.jpg,gulab_jamun
gulab_jamun/00000177.jpg,gulab_jamun
gulab_jamun/00000318.jpg,gulab_jamun
gulab_jamun/00000294.jpg,gulab_jamun
gulab_jamun/00000274.jpg,gulab_jamun
gulab_jamun/00000175.jpg,gulab_jamun
gulab_jamun/00000013.jpg,gulab_jamun
gulab_jamun/00000111.jpg,gulab_jamun
gulab_jamun/00000265.jpg,gulab_jamun
gulab_jamun/00000302.jpg,gulab_jamun
gulab_jamun/00000178.jpg,gulab_jamun
gulab_jamun/00000070.jpg,gulab_jamun
gulab_jamun/00000055.jpg,gulab_jamun
gulab_jamun/00000160.jpg,gulab_jamun
gulab_jamun/00000204.jpg,gulab_jamun
gulab_jamun/00000227.jpg,gulab_jamun
gulab_jamun/00000314.jpg,gulab_jamun
gulab_jamun/00000295.jpg,gulab_jamun
gulab_jamun/00000218.jpg,gulab_jamun
gulab_jamun/00000173.jpg,gulab_jamun
gulab_jamun/00000005.jpg,gulab_jamun
gulab_jamun/00000001.jpg,gulab_jamun
gulab_jamun/00000164.jpg,gulab_jamun
gulab_jamun/00000180.jpg,gulab_jamun
gulab_jamun/00000238.jpg,gulab_jamun
gulab_jamun/00000233.jpg,gulab_jamun
gulab_jamun/00000261.jpg,gulab_jamun
gulab_jamun/00000108.jpg,gulab_jamun
gulab_jamun/00000035.jpg,gulab_jamun
gulab_jamun/00000007.jpg,gulab_jamun
gulab_jamun/00000235.jpg,gulab_jamun
gulab_jamun/00000099.jpg,gulab_jamun
gulab_jamun/00000101.jpg,gulab_jamun
gulab_jamun/00000112.jpg,gulab_jamun
gulab_jamun/00000186.jpg,gulab_jamun
gulab_jamun/00000310.jpg,gulab_jamun
gulab_jamun/00000256.jpg,gulab_jamun
gulab_jamun/00000223.jpg,gulab_jamun
gulab_jamun/00000209.jpg,gulab_jamun
gulab_jamun/00000275.jpg,gulab_jamun
gulab_jamun/00000206.jpg,gulab_jamun
gulab_jamun/00000243.jpg,gulab_jamun
gulab_jamun/00000073.jpg,gulab_jamun
gulab_jamun/00000288.jpg,gulab_jamun
gulab_jamun/00000267.jpg,gulab_jamun
gulab_jamun/00000039.jpg,gulab_jamun
gulab_jamun/00000047.jpg,gulab_jamun
gulab_jamun/00000103.jpg,gulab_jamun
gulab_jamun/00000316.jpg,gulab_jamun
gulab_jamun/00000317.jpg,gulab_jamun
gulab_jamun/00000092.jpg,gulab_jamun
gulab_jamun/00000084.jpg,gulab_jamun
gulab_jamun/00000270.jpg,gulab_jamun
gulab_jamun/00000130.jpg,gulab_jamun
gulab_jamun/00000136.jpg,gulab_jamun
gulab_jamun/00000153.jpg,gulab_jamun
gulab_jamun/00000308.jpg,gulab_jamun
gulab_jamun/00000106.jpg,gulab_jamun
gulab_jamun/00000141.jpg,gulab_jamun
gulab_jamun/00000242.jpg,gulab_jamun
gulab_jamun/00000133.jpg,gulab_jamun
gulab_jamun/00000121.jpg,gulab_jamun
gulab_jamun/00000165.jpg,gulab_jamun
gulab_jamun/00000094.jpg,gulab_jamun
gulab_jamun/00000149.jpg,gulab_jamun
gulab_jamun/00000098.jpg,gulab_jamun
gulab_jamun/00000281.jpg,gulab_jamun
gulab_jamun/00000131.jpg,gulab_jamun
gulab_jamun/00000264.jpg,gulab_jamun
gulab_jamun/00000199.jpg,gulab_jamun
gulab_jamun/00000244.jpg,gulab_jamun
gulab_jamun/00000154.jpg,gulab_jamun
gulab_jamun/00000278.jpg,gulab_jamun
gulab_jamun/00000087.jpg,gulab_jamun
gulab_jamun/00000224.jpg,gulab_jamun
gulab_jamun/00000032.jpg,gulab_jamun
gulab_jamun/00000152.jpg,gulab_jamun
gulab_jamun/00000060.jpg,gulab_jamun
gulab_jamun/00000263.jpg,gulab_jamun
gulab_jamun/00000067.jpg,gulab_jamun
gulab_jamun/00000170.jpg,gulab_jamun
gulab_jamun/00000107.jpg,gulab_jamun
gulab_jamun/00000043.jpg,gulab_jamun
gulab_jamun/00000217.jpg,gulab_jamun
gulab_jamun/00000255.jpg,gulab_jamun
gulab_jamun/00000245.jpg,gulab_jamun
gulab_jamun/00000122.jpg,gulab_jamun
gulab_jamun/00000050.jpg,gulab_jamun
gulab_jamun/00000127.jpg,gulab_jamun
gulab_jamun/00000076.jpg,gulab_jamun
gulab_jamun/00000298.jpg,gulab_jamun
gulab_jamun/00000284.jpg,gulab_jamun
gulab_jamun/00000102.jpg,gulab_jamun
gulab_jamun/00000125.jpg,gulab_jamun
gulab_jamun/00000221.jpg,gulab_jamun
gulab_jamun/00000033.jpg,gulab_jamun
gulab_jamun/00000090.jpg,gulab_jamun
gulab_jamun/00000260.jpg,gulab_jamun
gulab_jamun/00000116.jpg,gulab_jamun
gulab_jamun/00000211.jpg,gulab_jamun
gulab_jamun/00000110.jpg,gulab_jamun
gulab_jamun/00000234.jpg,gulab_jamun
gulab_jamun/00000077.jpg,gulab_jamun
gulab_jamun/00000182.jpg,gulab_jamun
gulab_jamun/00000168.jpg,gulab_jamun
gulab_jamun/00000024.jpg,gulab_jamun
gulab_jamun/00000269.jpg,gulab_jamun
gulab_jamun/00000011.jpg,gulab_jamun
gulab_jamun/00000075.jpg,gulab_jamun
gulab_jamun/00000307.jpg,gulab_jamun
gulab_jamun/00000059.jpg,gulab_jamun
gulab_jamun/00000315.jpg,gulab_jamun
gulab_jamun/00000286.jpg,gulab_jamun
gulab_jamun/00000190.jpg,gulab_jamun
gulab_jamun/00000019.jpg,gulab_jamun
gulab_jamun/00000157.jpg,gulab_jamun
gulab_jamun/00000232.jpg,gulab_jamun
gulab_jamun/00000145.jpg,gulab_jamun
gulab_jamun/00000258.jpg,gulab_jamun
gulab_jamun/00000220.jpg,gulab_jamun
gulab_jamun/00000068.jpg,gulab_jamun
gulab_jamun/00000052.jpg,gulab_jamun
gulab_jamun/00000040.jpg,gulab_jamun
gulab_jamun/00000138.jpg,gulab_jamun
gulab_jamun/00000249.jpg,gulab_jamun
gulab_jamun/00000123.jpg,gulab_jamun
gulab_jamun/00000071.jpg,gulab_jamun
gulab_jamun/00000208.jpg,gulab_jamun
gulab_jamun/00000304.jpg,gulab_jamun
gulab_jamun/00000241.jpg,gulab_jamun
gulab_jamun/00000002.jpg,gulab_jamun
gulab_jamun/00000202.jpg,gulab_jamun
gulab_jamun/00000117.jpg,gulab_jamun
gulab_jamun/00000167.jpg,gulab_jamun
gulab_jamun/00000031.jpg,gulab_jamun
gulab_jamun/00000305.jpg,gulab_jamun
gulab_jamun/00000271.jpg,gulab_jamun
gulab_jamun/00000236.jpg,gulab_jamun
gulab_jamun/00000313.jpg,gulab_jamun
gulab_jamun/00000020.jpg,gulab_jamun
gulab_jamun/00000257.jpg,gulab_jamun
gulab_jamun/00000009.jpg,gulab_jamun
gulab_jamun/00000254.jpg,gulab_jamun
gulab_jamun/00000247.jpg,gulab_jamun
gulab_jamun/00000172.jpg,gulab_jamun
gulab_jamun/00000142.jpg,gulab_jamun
gulab_jamun/00000155.jpg,gulab_jamun
gulab_jamun/00000037.jpg,gulab_jamun
gulab_jamun/00000012.jpg,gulab_jamun
gulab_jamun/00000291.jpg,gulab_jamun
gulab_jamun/00000156.jpg,gulab_jamun
gulab_jamun/00000082.jpg,gulab_jamun
gulab_jamun/00000226.jpg,gulab_jamun
gulab_jamun/00000266.jpg,gulab_jamun
gulab_jamun/00000148.jpg,gulab_jamun
gulab_jamun/00000072.jpg,gulab_jamun
gulab_jamun/00000015.jpg,gulab_jamun
gulab_jamun/00000309.jpg,gulab_jamun
gulab_jamun/00000065.jpg,gulab_jamun
gulab_jamun/00000085.jpg,gulab_jamun
gulab_jamun/00000193.jpg,gulab_jamun
gulab_jamun/00000114.jpg,gulab_jamun
gulab_jamun/00000010.jpg,gulab_jamun
gulab_jamun/00000018.jpg,gulab_jamun
gulab_jamun/00000095.jpg,gulab_jamun
gulab_jamun/00000289.jpg,gulab_jamun
laddoo/00000239.jpg,laddoo
laddoo/00000143.jpg,laddoo
laddoo/00000120.jpg,laddoo
laddoo/00000158.jpg,laddoo
laddoo/00000061.jpg,laddoo
laddoo/00000248.jpg,laddoo
laddoo/00000240.jpg,laddoo
laddoo/00000100.jpg,laddoo
laddoo/00000091.jpg,laddoo
laddoo/00000179.jpg,laddoo
laddoo/00000093.jpg,laddoo
laddoo/00000196.jpg,laddoo
laddoo/00000029.jpg,laddoo
laddoo/00000195.jpg,laddoo
laddoo/00000162.jpg,laddoo
laddoo/00000066.jpg,laddoo
laddoo/00000139.jpg,laddoo
laddoo/00000222.jpg,laddoo
laddoo/00000038.jpg,laddoo
laddoo/00000014.jpg,laddoo
laddoo/00000089.jpg,laddoo
laddoo/00000006.jpg,laddoo
laddoo/00000081.jpg,laddoo
laddoo/00000252.jpg,laddoo
laddoo/00000023.jpg,laddoo
laddoo/00000118.jpg,laddoo
laddoo/00000300.jpg,laddoo
laddoo/00000189.jpg,laddoo
laddoo/00000280.jpg,laddoo
laddoo/00000184.jpg,laddoo
laddoo/00000113.jpg,laddoo
laddoo/00000279.jpg,laddoo
laddoo/00000083.jpg,laddoo
laddoo/00000150.jpg,laddoo
laddoo/00000231.jpg,laddoo
laddoo/00000262.jpg,laddoo
laddoo/00000276.jpg,laddoo
laddoo/00000119.jpg,laddoo
laddoo/00000079.jpg,laddoo
laddoo/00000058.jpg,laddoo
laddoo/00000069.jpg,laddoo
laddoo/00000104.jpg,laddoo
laddoo/00000008.jpg,laddoo
laddoo/00000246.jpg,laddoo
laddoo/00000048.jpg,laddoo
laddoo/00000134.jpg,laddoo
laddoo/00000115.jpg,laddoo
laddoo/00000282.jpg,laddoo
laddoo/00000041.jpg,laddoo
laddoo/00000126.jpg,laddoo
laddoo/00000166.jpg,laddoo
laddoo/00000028.jpg,laddoo
laddoo/00000044.jpg,laddoo
laddoo/00000140.jpg,laddoo
laddoo/00000268.jpg,laddoo
laddoo/00000293.jpg,laddoo
laddoo/00000187.jpg,laddoo
laddoo/00000181.jpg,laddoo
laddoo/00000086.jpg,laddoo
laddoo/00000201.jpg,laddoo
laddoo/00000283.jpg,laddoo
laddoo/00000205.jpg,laddoo
laddoo/00000045.jpg,laddoo
laddoo/00000000.jpg,laddoo
laddoo/00000311.jpg,laddoo
laddoo/00000159.jpg,laddoo
laddoo/00000253.jpg,laddoo
laddoo/00000296.jpg,laddoo
laddoo/00000207.jpg,laddoo
laddoo/00000198.jpg,laddoo
laddoo/00000088.jpg,laddoo
laddoo/00000034.jpg,laddoo
laddoo/00000025.jpg,laddoo
laddoo/00000051.jpg,laddoo
laddoo/00000064.jpg,laddoo
laddoo/00000285.jpg,laddoo
laddoo/00000169.jpg,laddoo
laddoo/00000124.jpg,laddoo
laddoo/00000230.jpg,laddoo
laddoo/00000054.jpg,laddoo
laddoo/00000036.jpg,laddoo
laddoo/00000049.jpg,laddoo
laddoo/00000312.jpg,laddoo
laddoo/00000210.jpg,laddoo
laddoo/00000062.jpg,laddoo
laddoo/00000171.jpg,laddoo
laddoo/00000306.jpg,laddoo
laddoo/00000132.jpg,laddoo
laddoo/00000137.jpg,laddoo
laddoo/00000030.jpg,laddoo
laddoo/00000004.jpg,laddoo
laddoo/00000197.jpg,laddoo
laddoo/00000046.jpg,laddoo
laddoo/00000151.jpg,laddoo
laddoo/00000219.jpg,laddoo
laddoo/00000056.jpg,laddoo
laddoo/00000053.jpg,laddoo
laddoo/00000200.jpg,laddoo
laddoo/00000144.jpg,laddoo
laddoo/00000287.jpg,laddoo
laddoo/00000216.jpg,laddoo
laddoo/00000183.jpg,laddoo
laddoo/00000003.jpg,laddoo
laddoo/00000074.jpg,laddoo
laddoo/00000215.jpg,laddoo
laddoo/00000026.jpg,laddoo
laddoo/00000080.jpg,laddoo
laddoo/00000096.jpg,laddoo
laddoo/00000250.jpg,laddoo
laddoo/00000228.jpg,laddoo
laddoo/00000161.jpg,laddoo
laddoo/00000225.jpg,laddoo
laddoo/00000027.jpg,laddoo
laddoo/00000105.jpg,laddoo
laddoo/00000292.jpg,laddoo
laddoo/00000042.jpg,laddoo
laddoo/00000176.jpg,laddoo
laddoo/00000319.jpg,laddoo
laddoo/00000297.jpg,laddoo
laddoo/00000135.jpg,laddoo
laddoo/00000251.jpg,laddoo
laddoo/00000109.jpg,laddoo
laddoo/00000097.jpg,laddoo
laddoo/00000299.jpg,laddoo
laddoo/00000277.jpg,laddoo
laddoo/00000022.jpg,laddoo
laddoo/00000185.jpg,laddoo
laddoo/00000259.jpg,laddoo
laddoo/00000194.jpg,laddoo
laddoo/00000191.jpg,laddoo
laddoo/00000213.jpg,laddoo
laddoo/00000078.jpg,laddoo
laddoo/00000290.jpg,laddoo
laddoo/00000273.jpg,laddoo
laddoo/00000057.jpg,laddoo
laddoo/00000174.jpg,laddoo
laddoo/00000163.jpg,laddoo
laddoo/00000129.jpg,laddoo
laddoo/00000147.jpg,laddoo
laddoo/00000272.jpg,laddoo
laddoo/00000192.jpg,laddoo
laddoo/00000301.jpg,laddoo
laddoo/00000021.jpg,laddoo
laddoo/00000237.jpg,laddoo
laddoo/00000203.jpg,laddoo
laddoo/00000063.jpg,laddoo
laddoo/00000188.jpg,laddoo
laddoo/00000303.jpg,laddoo
laddoo/00000214.jpg,laddoo
laddoo/00000229.jpg,laddoo
laddoo/00000017.jpg,laddoo
laddoo/00000128.jpg,laddoo
laddoo/00000212.jpg,laddoo
laddoo/00000146.jpg,laddoo
laddoo/00000016.jpg,laddoo
laddoo/00000177.jpg,laddoo
laddoo/00000318.jpg,laddoo
laddoo/00000294.jpg,laddoo
laddoo/00000274.jpg,laddoo
laddoo/00000175.jpg,laddoo
laddoo/00000013.jpg,laddoo
laddoo/00000111.jpg,laddoo
laddoo/00000265.jpg,laddoo
laddoo/00000302.jpg,laddoo
laddoo/00000178.jpg,laddoo
laddoo/00000070.jpg,laddoo
laddoo/00000055.jpg,laddoo
laddoo/00000160.jpg,laddoo
laddoo/00000204.jpg,laddoo
laddoo/00000227.jpg,laddoo
laddoo/00000314.jpg,laddoo
laddoo/00000295.jpg,laddoo
laddoo/00000218.jpg,laddoo
laddoo/00000173.jpg,laddoo
laddoo/00000005.jpg,laddoo
laddoo/00000001.jpg,laddoo
laddoo/00000164.jpg,laddoo
laddoo/00000180.jpg,laddoo
laddoo/00000238.jpg,laddoo
laddoo/00000233.jpg,laddoo
laddoo/00000261.jpg,laddoo
laddoo/00000108.jpg,laddoo
laddoo/00000035.jpg,laddoo
laddoo/00000007.jpg,laddoo
laddoo/00000235.jpg,laddoo
laddoo/00000099.jpg,laddoo
laddoo/00000101.jpg,laddoo
laddoo/00000112.jpg,laddoo
laddoo/00000186.jpg,laddoo
laddoo/00000310.jpg,laddoo
laddoo/00000256.jpg,laddoo
laddoo/00000223.jpg,laddoo
laddoo/00000209.jpg,laddoo
laddoo/00000275.jpg,laddoo
laddoo/00000206.jpg,laddoo
laddoo/00000243.jpg,laddoo
laddoo/00000073.jpg,laddoo
laddoo/00000288.jpg,laddoo
laddoo/00000267.jpg,laddoo
laddoo/00000039.jpg,laddoo
laddoo/00000047.jpg,laddoo
laddoo/00000103.jpg,laddoo
laddoo/00000316.jpg,laddoo
laddoo/00000317.jpg,laddoo
laddoo/00000092.jpg,laddoo
laddoo/00000084.jpg,laddoo
laddoo/00000270.jpg,laddoo
laddoo/00000130.jpg,laddoo
laddoo/00000136.jpg,laddoo
laddoo/00000153.jpg,laddoo
laddoo/00000308.jpg,laddoo
laddoo/00000106.jpg,laddoo
laddoo/00000141.jpg,laddoo
laddoo/00000242.jpg,laddoo
laddoo/00000133.jpg,laddoo
laddoo/00000121.jpg,laddoo
laddoo/00000165.jpg,laddoo
laddoo/00000094.jpg,laddoo
laddoo/00000149.jpg,laddoo
laddoo/00000098.jpg,laddoo
laddoo/00000281.jpg,laddoo
laddoo/00000131.jpg,laddoo
laddoo/00000264.jpg,laddoo
laddoo/00000199.jpg,laddoo
laddoo/00000244.jpg,laddoo
laddoo/00000154.jpg,laddoo
laddoo/00000278.jpg,laddoo
laddoo/00000087.jpg,laddoo
laddoo/00000224.jpg,laddoo
laddoo/00000032.jpg,laddoo
laddoo/00000152.jpg,laddoo
laddoo/00000060.jpg,laddoo
laddoo/00000263.jpg,laddoo
laddoo/00000067.jpg,laddoo
laddoo/00000170.jpg,laddoo
laddoo/00000107.jpg,laddoo
laddoo/00000043.jpg,laddoo
laddoo/00000217.jpg,laddoo
laddoo/00000255.jpg,laddoo
laddoo/00000245.jpg,laddoo
laddoo/00000122.jpg,laddoo
laddoo/00000050.jpg,laddoo
laddoo/00000127.jpg,laddoo
laddoo/00000076.jpg,laddoo
laddoo/00000298.jpg,laddoo
laddoo/00000284.jpg,laddoo
laddoo/00000102.jpg,laddoo
laddoo/00000125.jpg,laddoo
laddoo/00000221.jpg,laddoo
laddoo/00000033.jpg,laddoo
laddoo/00000090.jpg,laddoo
laddoo/00000260.jpg,laddoo
laddoo/00000116.jpg,laddoo
laddoo/00000211.jpg,laddoo
laddoo/00000110.jpg,laddoo
laddoo/00000234.jpg,laddoo
laddoo/00000077.jpg,laddoo
laddoo/00000182.jpg,laddoo
laddoo/00000168.jpg,laddoo
laddoo/00000024.jpg,laddoo
laddoo/00000269.jpg,laddoo
laddoo/00000011.jpg,laddoo
laddoo/00000075.jpg,laddoo
laddoo/00000307.jpg,laddoo
laddoo/00000059.jpg,laddoo
laddoo/00000315.jpg,laddoo
laddoo/00000286.jpg,laddoo
laddoo/00000190.jpg,laddoo
laddoo/00000019.jpg,laddoo
laddoo/00000157.jpg,laddoo
laddoo/00000232.jpg,laddoo
laddoo/00000145.jpg,laddoo
laddoo/00000258.jpg,laddoo
laddoo/00000220.jpg,laddoo
laddoo/00000068.jpg,laddoo
laddoo/00000052.jpg,laddoo
laddoo/00000040.jpg,laddoo
laddoo/00000138.jpg,laddoo
laddoo/00000249.jpg,laddoo
laddoo/00000123.jpg,laddoo
laddoo/00000071.jpg,laddoo
laddoo/00000208.jpg,laddoo
laddoo/00000304.jpg,laddoo
laddoo/00000241.jpg,laddoo
laddoo/00000002.jpg,laddoo
laddoo/00000202.jpg,laddoo
laddoo/00000117.jpg,laddoo
laddoo/00000167.jpg,laddoo
laddoo/00000031.jpg,laddoo
laddoo/00000305.jpg,laddoo
laddoo/00000271.jpg,laddoo
laddoo/00000236.jpg,laddoo
laddoo/00000313.jpg,laddoo
laddoo/00000020.jpg,laddoo
laddoo/00000257.jpg,laddoo
laddoo/00000009.jpg,laddoo
laddoo/00000254.jpg,laddoo
laddoo/00000247.jpg,laddoo
laddoo/00000172.jpg,laddoo
laddoo/00000142.jpg,laddoo
laddoo/00000155.jpg,laddoo
laddoo/00000037.jpg,laddoo
laddoo/00000012.jpg,laddoo
laddoo/00000291.jpg,laddoo
laddoo/00000156.jpg,laddoo
laddoo/00000082.jpg,laddoo
laddoo/00000226.jpg,laddoo
laddoo/00000266.jpg,laddoo
laddoo/00000148.jpg,laddoo
laddoo/00000072.jpg,laddoo
laddoo/00000015.jpg,laddoo
laddoo/00000309.jpg,laddoo
laddoo/00000065.jpg,laddoo
laddoo/00000085.jpg,laddoo
laddoo/00000193.jpg,laddoo
laddoo/00000114.jpg,laddoo
laddoo/00000010.jpg,laddoo
laddoo/00000018.jpg,laddoo
laddoo/00000095.jpg,laddoo
laddoo/00000289.jpg,laddoo
kaju_katli/00000239.jpg,kaju_katli
kaju_katli/00000143.jpg,kaju_katli
kaju_katli/00000120.jpg,kaju_katli
kaju_katli/00000158.jpg,kaju_katli
kaju_katli/00000061.jpg,kaju_katli
kaju_katli/00000248.jpg,kaju_katli
kaju_katli/00000240.jpg,kaju_katli
kaju_katli/00000100.jpg,kaju_katli
kaju_katli/00000091.jpg,kaju_katli
kaju_katli/00000179.jpg,kaju_katli
kaju_katli/00000093.jpg,kaju_katli
kaju_katli/00000196.jpg,kaju_katli
kaju_katli/00000029.jpg,kaju_katli
kaju_katli/00000195.jpg,kaju_katli
kaju_katli/00000162.jpg,kaju_katli
kaju_katli/00000066.jpg,kaju_katli
kaju_katli/00000139.jpg,kaju_katli
kaju_katli/00000222.jpg,kaju_katli
kaju_katli/00000038.jpg,kaju_katli
kaju_katli/00000014.jpg,kaju_katli
kaju_katli/00000089.jpg,kaju_katli
kaju_katli/00000006.jpg,kaju_katli
kaju_katli/00000081.jpg,kaju_katli
kaju_katli/00000252.jpg,kaju_katli
kaju_katli/00000023.jpg,kaju_katli
kaju_katli/00000118.jpg,kaju_katli
kaju_katli/00000300.jpg,kaju_katli
kaju_katli/00000189.jpg,kaju_katli
kaju_katli/00000280.jpg,kaju_katli
kaju_katli/00000184.jpg,kaju_katli
kaju_katli/00000113.jpg,kaju_katli
kaju_katli/00000279.jpg,kaju_katli
kaju_katli/00000083.jpg,kaju_katli
kaju_katli/00000150.jpg,kaju_katli
kaju_katli/00000231.jpg,kaju_katli
kaju_katli/00000262.jpg,kaju_katli
kaju_katli/00000276.jpg,kaju_katli
kaju_katli/00000119.jpg,kaju_katli
kaju_katli/00000079.jpg,kaju_katli
kaju_katli/00000058.jpg,kaju_katli
kaju_katli/00000069.jpg,kaju_katli
kaju_katli/00000104.jpg,kaju_katli
kaju_katli/00000008.jpg,kaju_katli
kaju_katli/00000246.jpg,kaju_katli
kaju_katli/00000048.jpg,kaju_katli
kaju_katli/00000134.jpg,kaju_katli
kaju_katli/00000115.jpg,kaju_katli
kaju_katli/00000282.jpg,kaju_katli
kaju_katli/00000041.jpg,kaju_katli
kaju_katli/00000126.jpg,kaju_katli
kaju_katli/00000166.jpg,kaju_katli
kaju_katli/00000028.jpg,kaju_katli
kaju_katli/00000044.jpg,kaju_katli
kaju_katli/00000140.jpg,kaju_katli
kaju_katli/00000268.jpg,kaju_katli
kaju_katli/00000293.jpg,kaju_katli
kaju_katli/00000187.jpg,kaju_katli
kaju_katli/00000181.jpg,kaju_katli
kaju_katli/00000086.jpg,kaju_katli
kaju_katli/00000201.jpg,kaju_katli
kaju_katli/00000283.jpg,kaju_katli
kaju_katli/00000205.jpg,kaju_katli
kaju_katli/00000045.jpg,kaju_katli
kaju_katli/00000000.jpg,kaju_katli
kaju_katli/00000311.jpg,kaju_katli
kaju_katli/00000159.jpg,kaju_katli
kaju_katli/00000253.jpg,kaju_katli
kaju_katli/00000296.jpg,kaju_katli
kaju_katli/00000207.jpg,kaju_katli
kaju_katli/00000198.jpg,kaju_katli
kaju_katli/00000088.jpg,kaju_katli
kaju_katli/00000034.jpg,kaju_katli
kaju_katli/00000025.jpg,kaju_katli
kaju_katli/00000051.jpg,kaju_katli
kaju_katli/00000064.jpg,kaju_katli
kaju_katli/00000285.jpg,kaju_katli
kaju_katli/00000169.jpg,kaju_katli
kaju_katli/00000124.jpg,kaju_katli
kaju_katli/00000230.jpg,kaju_katli
kaju_katli/00000054.jpg,kaju_katli
kaju_katli/00000036.jpg,kaju_katli
kaju_katli/00000049.jpg,kaju_katli
kaju_katli/00000312.jpg,kaju_katli
kaju_katli/00000210.jpg,kaju_katli
kaju_katli/00000062.jpg,kaju_katli
kaju_katli/00000171.jpg,kaju_katli
kaju_katli/00000306.jpg,kaju_katli
kaju_katli/00000132.jpg,kaju_katli
kaju_katli/00000137.jpg,kaju_katli
kaju_katli/00000030.jpg,kaju_katli
kaju_katli/00000004.jpg,kaju_katli
kaju_katli/00000197.jpg,kaju_katli
kaju_katli/00000046.jpg,kaju_katli
kaju_katli/00000151.jpg,kaju_katli
kaju_katli/00000219.jpg,kaju_katli
kaju_katli/00000056.jpg,kaju_katli
kaju_katli/00000053.jpg,kaju_katli
kaju_katli/00000200.jpg,kaju_katli
kaju_katli/00000144.jpg,kaju_katli
kaju_katli/00000287.jpg,kaju_katli
kaju_katli/00000216.jpg,kaju_katli
kaju_katli/00000183.jpg,kaju_katli
kaju_katli/00000003.jpg,kaju_katli
kaju_katli/00000074.jpg,kaju_katli
kaju_katli/00000215.jpg,kaju_katli
kaju_katli/00000026.jpg,kaju_katli
kaju_katli/00000080.jpg,kaju_katli
kaju_katli/00000096.jpg,kaju_katli
kaju_katli/00000250.jpg,kaju_katli
kaju_katli/00000228.jpg,kaju_katli
kaju_katli/00000161.jpg,kaju_katli
kaju_katli/00000225.jpg,kaju_katli
kaju_katli/00000027.jpg,kaju_katli
kaju_katli/00000105.jpg,kaju_katli
kaju_katli/00000292.jpg,kaju_katli
kaju_katli/00000042.jpg,kaju_katli
kaju_katli/00000176.jpg,kaju_katli
kaju_katli/00000319.jpg,kaju_katli
kaju_katli/00000297.jpg,kaju_katli
kaju_katli/00000135.jpg,kaju_katli
kaju_katli/00000251.jpg,kaju_katli
kaju_katli/00000109.jpg,kaju_katli
kaju_katli/00000097.jpg,kaju_katli
kaju_katli/00000299.jpg,kaju_katli
kaju_katli/00000277.jpg,kaju_katli
kaju_katli/00000022.jpg,kaju_katli
kaju_katli/00000185.jpg,kaju_katli
kaju_katli/00000259.jpg,kaju_katli
kaju_katli/00000194.jpg,kaju_katli
kaju_katli/00000191.jpg,kaju_katli
kaju_katli/00000213.jpg,kaju_katli
kaju_katli/00000078.jpg,kaju_katli
kaju_katli/00000290.jpg,kaju_katli
kaju_katli/00000273.jpg,kaju_katli
kaju_katli/00000057.jpg,kaju_katli
kaju_katli/00000174.jpg,kaju_katli
kaju_katli/00000163.jpg,kaju_katli
kaju_katli/00000129.jpg,kaju_katli
kaju_katli/00000147.jpg,kaju_katli
kaju_katli/00000272.jpg,kaju_katli
kaju_katli/00000192.jpg,kaju_katli
kaju_katli/00000301.jpg,kaju_katli
kaju_katli/00000021.jpg,kaju_katli
kaju_katli/00000237.jpg,kaju_katli
kaju_katli/00000203.jpg,kaju_katli
kaju_katli/00000063.jpg,kaju_katli
kaju_katli/00000188.jpg,kaju_katli
kaju_katli/00000303.jpg,kaju_katli
kaju_katli/00000214.jpg,kaju_katli
kaju_katli/00000229.jpg,kaju_katli
kaju_katli/00000017.jpg,kaju_katli
kaju_katli/00000128.jpg,kaju_katli
kaju_katli/00000212.jpg,kaju_katli
kaju_katli/00000146.jpg,kaju_katli
kaju_katli/00000016.jpg,kaju_katli
kaju_katli/00000177.jpg,kaju_katli
kaju_katli/00000318.jpg,kaju_katli
kaju_katli/00000294.jpg,kaju_katli
kaju_katli/00000274.jpg,kaju_katli
kaju_katli/00000175.jpg,kaju_katli
kaju_katli/00000013.jpg,kaju_katli
kaju_katli/00000111.jpg,kaju_katli
kaju_katli/00000265.jpg,kaju_katli
kaju_katli/00000302.jpg,kaju_katli
kaju_katli/00000178.jpg,kaju_katli
kaju_katli/00000070.jpg,kaju_katli
kaju_katli/00000055.jpg,kaju_katli
kaju_katli/00000160.jpg,kaju_katli
kaju_katli/00000204.jpg,kaju_katli
kaju_katli/00000227.jpg,kaju_katli
kaju_katli/00000314.jpg,kaju_katli
kaju_katli/00000295.jpg,kaju_katli
kaju_katli/00000218.jpg,kaju_katli
kaju_katli/00000173.jpg,kaju_katli
kaju_katli/00000005.jpg,kaju_katli
kaju_katli/00000001.jpg,kaju_katli
kaju_katli/00000164.jpg,kaju_katli
kaju_katli/00000180.jpg,kaju_katli
kaju_katli/00000238.jpg,kaju_katli
kaju_katli/00000233.jpg,kaju_katli
kaju_katli/00000261.jpg,kaju_katli
kaju_katli/00000108.jpg,kaju_katli
kaju_katli/00000035.jpg,kaju_katli
kaju_katli/00000007.jpg,kaju_katli
kaju_katli/00000235.jpg,kaju_katli
kaju_katli/00000099.jpg,kaju_katli
kaju_katli/00000101.jpg,kaju_katli
kaju_katli/00000112.jpg,kaju_katli
kaju_katli/00000186.jpg,kaju_katli
kaju_katli/00000310.jpg,kaju_katli
kaju_katli/00000256.jpg,kaju_katli
kaju_katli/00000223.jpg,kaju_katli
kaju_katli/00000209.jpg,kaju_katli
kaju_katli/00000275.jpg,kaju_katli
kaju_katli/00000206.jpg,kaju_katli
kaju_katli/00000243.jpg,kaju_katli
kaju_katli/00000073.jpg,kaju_katli
kaju_katli/00000288.jpg,kaju_katli
kaju_katli/00000267.jpg,kaju_katli
kaju_katli/00000039.jpg,kaju_katli
kaju_katli/00000047.jpg,kaju_katli
kaju_katli/00000103.jpg,kaju_katli
kaju_katli/00000316.jpg,kaju_katli
kaju_katli/00000317.jpg,kaju_katli
kaju_katli/00000092.jpg,kaju_katli
kaju_katli/00000084.jpg,kaju_katli
kaju_katli/00000270.jpg,kaju_katli
kaju_katli/00000130.jpg,kaju_katli
kaju_katli/00000136.jpg,kaju_katli
kaju_katli/00000153.jpg,kaju_katli
kaju_katli/00000308.jpg,kaju_katli
kaju_katli/00000106.jpg,kaju_katli
kaju_katli/00000141.jpg,kaju_katli
kaju_katli/00000242.jpg,kaju_katli
kaju_katli/00000133.jpg,kaju_katli
kaju_katli/00000121.jpg,kaju_katli
kaju_katli/00000165.jpg,kaju_katli
kaju_katli/00000094.jpg,kaju_katli
kaju_katli/00000149.jpg,kaju_katli
kaju_katli/00000098.jpg,kaju_katli
kaju_katli/00000281.jpg,kaju_katli
kaju_katli/00000131.jpg,kaju_katli
kaju_katli/00000264.jpg,kaju_katli
kaju_katli/00000199.jpg,kaju_katli
kaju_katli/00000244.jpg,kaju_katli
kaju_katli/00000154.jpg,kaju_katli
kaju_katli/00000278.jpg,kaju_katli
kaju_katli/00000087.jpg,kaju_katli
kaju_katli/00000224.jpg,kaju_katli
kaju_katli/00000032.jpg,kaju_katli
kaju_katli/00000152.jpg,kaju_katli
kaju_katli/00000060.jpg,kaju_katli
kaju_katli/00000263.jpg,kaju_katli
kaju_katli/00000067.jpg,kaju_katli
kaju_katli/00000170.jpg,kaju_katli
kaju_katli/00000107.jpg,kaju_katli
kaju_katli/00000043.jpg,kaju_katli
kaju_katli/00000217.jpg,kaju_katli
kaju_katli/00000255.jpg,kaju_katli
kaju_katli/00000245.jpg,kaju_katli
kaju_katli/00000122.jpg,kaju_katli
kaju_katli/00000050.jpg,kaju_katli
kaju_katli/00000127.jpg,kaju_katli
kaju_katli/00000076.jpg,kaju_katli
kaju_katli/00000298.jpg,kaju_katli
kaju_katli/00000284.jpg,kaju_katli
kaju_katli/00000102.jpg,kaju_katli
kaju_katli/00000125.jpg,kaju_katli
kaju_katli/00000221.jpg,kaju_katli
kaju_katli/00000033.jpg,kaju_katli
kaju_katli/00000090.jpg,kaju_katli
kaju_katli/00000260.jpg,kaju_katli
kaju_katli/00000116.jpg,kaju_katli
kaju_katli/00000211.jpg,kaju_katli
kaju_katli/00000110.jpg,kaju_katli
kaju_katli/00000234.jpg,kaju_katli
kaju_katli/00000077.jpg,kaju_katli
kaju_katli/00000182.jpg,kaju_katli
kaju_katli/00000168.jpg,kaju_katli
kaju_katli/00000024.jpg,kaju_katli
kaju_katli/00000269.jpg,kaju_katli
kaju_katli/00000011.jpg,kaju_katli
kaju_katli/00000075.jpg,kaju_katli
kaju_katli/00000307.jpg,kaju_katli
kaju_katli/00000059.jpg,kaju_katli
kaju_katli/00000315.jpg,kaju_katli
kaju_katli/00000286.jpg,kaju_katli
kaju_katli/00000190.jpg,kaju_katli
kaju_katli/00000019.jpg,kaju_katli
kaju_katli/00000157.jpg,kaju_katli
kaju_katli/00000232.jpg,kaju_katli
kaju_katli/00000145.jpg,kaju_katli
kaju_katli/00000258.jpg,kaju_katli
kaju_katli/00000220.jpg,kaju_katli
kaju_katli/00000068.jpg,kaju_katli
kaju_katli/00000052.jpg,kaju_katli
kaju_katli/00000040.jpg,kaju_katli
kaju_katli/00000138.jpg,kaju_katli
kaju_katli/00000249.jpg,kaju_katli
kaju_katli/00000123.jpg,kaju_katli
kaju_katli/00000071.jpg,kaju_katli
kaju_katli/00000208.jpg,kaju_katli
kaju_katli/00000304.jpg,kaju_katli
kaju_katli/00000241.jpg,kaju_katli
kaju_katli/00000002.jpg,kaju_katli
kaju_katli/00000202.jpg,kaju_katli
kaju_katli/00000117.jpg,kaju_katli
kaju_katli/00000167.jpg,kaju_katli
kaju_katli/00000031.jpg,kaju_katli
kaju_katli/00000305.jpg,kaju_katli
kaju_katli/00000271.jpg,kaju_katli
kaju_katli/00000236.jpg,kaju_katli
kaju_katli/00000313.jpg,kaju_katli
kaju_katli/00000020.jpg,kaju_katli
kaju_katli/00000257.jpg,kaju_katli
kaju_katli/00000009.jpg,kaju_katli
kaju_katli/00000254.jpg,kaju_katli
kaju_katli/00000247.jpg,kaju_katli
kaju_katli/00000172.jpg,kaju_katli
kaju_katli/00000142.jpg,kaju_katli
kaju_katli/00000155.jpg,kaju_katli
kaju_katli/00000037.jpg,kaju_katli
kaju_katli/00000012.jpg,kaju_katli
kaju_katli/00000291.jpg,kaju_katli
kaju_katli/00000156.jpg,kaju_katli
kaju_katli/00000082.jpg,kaju_katli
kaju_katli/00000226.jpg,kaju_katli
kaju_katli/00000266.jpg,kaju_katli
kaju_katli/00000148.jpg,kaju_katli
kaju_katli/00000072.jpg,kaju_katli
kaju_katli/00000015.jpg,kaju_katli
kaju_katli/00000309.jpg,kaju_katli
kaju_katli/00000065.jpg,kaju_katli
kaju_katli/00000085.jpg,kaju_katli
kaju_katli/00000193.jpg,kaju_katli
kaju_katli/00000114.jpg,kaju_katli
kaju_katli/00000010.jpg,kaju_katli
kaju_katli/00000018.jpg,kaju_katli
kaju_katli/00000095.jpg,kaju_katli
kaju_katli/00000289.jpg,kaju_katli
